family,config,micro_f1,ci_lo,ci_hi,ci_halfwidth,macro_f1_all_preds,macro_f1_min10,n_unparseable
api_llm,llm_clean_gpt54_he_triplet_5s_nc,0.9213,0.8978,0.9422,0.0222,0.719,0.7789,0
api_llm,llm_clean_gemini3_flash_en_triplet_5s_nc,0.9172,0.8942,0.9383,0.022,0.7345,0.798,0
api_llm,llm_clean_gemini3_flash_he_triplet_5s_nc,0.9158,0.892,0.9369,0.0225,0.733,0.7912,0
opensource_llm,llm_clean_gemma4_31b_it_he_template_2s_nc,0.9155,0.8918,0.9374,0.0228,0.7279,0.771,0
opensource_llm,llm_clean_gemma4_31b_it_he_template_0s_nc,0.9152,0.8911,0.937,0.0229,0.7238,0.7714,0
opensource_llm,llm_clean_gemma4_31b_it_he_template_5s_nc,0.914,0.89,0.9354,0.0227,0.7344,0.7741,0
opensource_llm,llm_clean_gemma4_31b_it_en_triplet_2s_nc,0.9128,0.8889,0.9348,0.0229,0.7281,0.7833,0
opensource_llm,llm_clean_gemma4_31b_it_en_template_5s_nc,0.9128,0.8885,0.9347,0.0231,0.7276,0.7715,0
opensource_llm,llm_clean_gemma4_31b_it_en_template_2s_nc,0.9097,0.8847,0.9322,0.0238,0.7254,0.7704,0
api_llm,llm_clean_gpt54_en_triplet_5s_nc,0.9085,0.8839,0.9308,0.0234,0.7133,0.7787,0
opensource_llm,llm_clean_gemma4_31b_it_en_triplet_5s_nc,0.9073,0.8815,0.9298,0.0242,0.7295,0.7782,0
opensource_llm,llm_clean_gemma4_31b_it_he_triplet_2s_nc,0.9051,0.8796,0.9276,0.024,0.7332,0.7801,0
opensource_llm,llm_clean_gemma4_31b_it_en_template_0s_nc,0.9051,0.8797,0.9281,0.0242,0.7212,0.7697,0
api_llm,llm_clean_gemini3_flash_he_triplet_0s_nc,0.9029,0.8777,0.9256,0.024,0.7146,0.7926,0
opensource_llm,llm_clean_gemma4_31b_it_he_triplet_5s_nc,0.8994,0.873,0.9228,0.0249,0.7277,0.7792,0
api_llm,llm_clean_gemini3_flash_en_triplet_0s_nc,0.8937,0.8679,0.9173,0.0247,0.7143,0.7906,0
api_llm,llm_clean_gpt54_he_triplet_0s_nc,0.8928,0.866,0.9173,0.0257,0.6832,0.7776,0
api_llm,llm_clean_claude_haiku45_he_triplet_5s_nc,0.8896,0.8627,0.9137,0.0255,0.7233,0.7645,0
api_llm,llm_clean_claude_haiku45_en_triplet_5s_nc,0.8889,0.8613,0.9135,0.0261,0.7269,0.7584,0
api_llm,llm_clean_gpt54_en_triplet_0s_nc,0.8869,0.8599,0.9115,0.0258,0.7071,0.7773,0
opensource_llm,llm_clean_gemma4_it_en_template_2s_nc,0.8801,0.852,0.9061,0.0271,0.669,0.7433,0
opensource_llm,llm_clean_gemma3_he_template_5s_nc,0.8772,0.8486,0.9035,0.0275,0.7147,0.7258,0
opensource_llm,llm_clean_gemma4_it_en_triplet_2s_nc,0.8766,0.8479,0.9026,0.0274,0.6942,0.7567,0
opensource_llm,llm_clean_gemma4_it_en_template_5s_nc,0.8764,0.8469,0.9029,0.028,0.6727,0.7319,0
opensource_llm,llm_clean_gemma3_he_template_0s_nc,0.8746,0.8459,0.9008,0.0274,0.6919,0.7349,0
finetuned_llm_nli,nli_clean_qwen35base_v2_template,0.8731,0.8454,0.8992,0.0269,0.7011,0.7344,0
opensource_llm,llm_clean_gemma4_it_he_template_5s_nc,0.8713,0.8416,0.8981,0.0283,0.6645,0.738,0
opensource_llm,llm_clean_gemma3_en_triplet_2s_nc,0.8713,0.8431,0.897,0.0269,0.7022,0.7563,0
opensource_llm,llm_clean_gemma4_it_en_triplet_5s_nc,0.8701,0.841,0.8969,0.0279,0.7043,0.7502,0
opensource_llm,llm_clean_gemma4_it_he_template_2s_nc,0.8694,0.8401,0.8966,0.0282,0.6663,0.7382,0
opensource_llm,llm_clean_gemma4_31b_it_he_triplet_0s_nc,0.8684,0.8381,0.8957,0.0288,0.6907,0.7707,0
opensource_llm,llm_clean_gemma3_en_triplet_5s_nc,0.8684,0.8402,0.8944,0.0271,0.7053,0.7559,0
opensource_llm,llm_clean_gemma3_he_template_2s_nc,0.8668,0.8371,0.8936,0.0282,0.7108,0.7172,0
api_llm,llm_clean_claude_haiku45_he_triplet_0s_nc,0.863,0.8331,0.8895,0.0282,0.6979,0.7602,0
opensource_llm,llm_clean_gemma3_en_template_5s_nc,0.862,0.8326,0.8892,0.0283,0.6954,0.7255,0
opensource_llm,llm_clean_gemma4_it_he_template_0s_nc,0.8614,0.8311,0.8903,0.0296,0.6594,0.7224,0
finetuned_llm_nli,nli_clean_dictalm24b_v2_template,0.8606,0.8308,0.8875,0.0284,0.6879,0.7177,6
opensource_llm,llm_clean_gemma3_he_triplet_2s_nc,0.8605,0.8321,0.887,0.0275,0.6919,0.775,0
opensource_llm,llm_clean_gemma4_it_en_template_0s_nc,0.8599,0.8298,0.8882,0.0292,0.6582,0.7302,0
opensource_llm,llm_clean_gemma3_en_template_0s_nc,0.8597,0.8306,0.8869,0.0282,0.6928,0.7431,0
opensource_llm,llm_clean_gemma3_he_triplet_0s_nc,0.8596,0.8306,0.886,0.0277,0.692,0.7652,0
opensource_llm,llm_clean_gemma3_he_triplet_5s_nc,0.8584,0.829,0.8852,0.0281,0.6944,0.7804,0
opensource_llm,llm_clean_gemma3_en_template_2s_nc,0.858,0.828,0.8856,0.0288,0.6929,0.7136,0
opensource_llm,llm_clean_gemma4_31b_it_en_triplet_0s_nc,0.8509,0.8191,0.88,0.0304,0.6983,0.7586,0
opensource_llm,llm_clean_gemma4_it_en_triplet_0s_nc,0.8498,0.8186,0.8786,0.03,0.6894,0.7606,0
api_llm,llm_clean_claude_haiku45_en_triplet_0s_nc,0.8498,0.8182,0.8783,0.03,0.7195,0.7339,0
finetuned_llm_nli,nli_clean_gemma4_31b_v2_template,0.8486,0.8182,0.8769,0.0294,0.683,0.7602,8
opensource_llm,llm_clean_cohere_aya32b_he_template_2s_nc,0.8468,0.8167,0.8743,0.0288,0.7158,0.7322,0
opensource_llm,llm_clean_gemma3_en_triplet_0s_nc,0.8436,0.8139,0.8711,0.0286,0.7089,0.7607,0
opensource_llm,llm_clean_cohere_aya32b_en_triplet_0s_nc,0.8389,0.808,0.8669,0.0295,0.7019,0.7581,0
opensource_llm,llm_clean_cohere_aya32b_en_template_5s_nc,0.8357,0.8056,0.8635,0.029,0.7039,0.7263,0
opensource_llm,llm_clean_dictalm3_he_triplet_5s_nc,0.8353,0.802,0.8664,0.0322,0.6612,0.7173,0
opensource_llm,llm_clean_cohere_aya32b_en_template_2s_nc,0.8352,0.8053,0.863,0.0288,0.7024,0.7034,0
opensource_llm,llm_clean_cohere_aya32b_en_template_0s_nc,0.8333,0.8024,0.8623,0.0299,0.7064,0.718,0
opensource_llm,llm_clean_cohere_aya32b_he_template_5s_nc,0.8322,0.8011,0.8605,0.0297,0.7148,0.7206,0
opensource_llm,llm_clean_cohere_aya32b_he_triplet_5s_nc,0.8303,0.7989,0.8587,0.0299,0.7035,0.7385,0
finetuned_llm_nli,nli_clean_gemma2_9b_template,0.8294,0.7982,0.8592,0.0305,0.6834,0.6815,1
finetuned_llm_nli,nli_clean_aya32b_v2_template,0.8292,0.7976,0.8588,0.0306,0.6885,0.7017,0
opensource_llm,llm_clean_cohere_aya32b_en_triplet_5s_nc,0.8283,0.7977,0.8568,0.0296,0.7064,0.7491,0
finetuned_llm_nli,nli_clean_qwen35base_v2_basic,0.825,0.7918,0.8559,0.032,0.66,0.7085,0
opensource_llm,llm_clean_cohere_aya32b_en_triplet_2s_nc,0.8242,0.7932,0.8525,0.0297,0.7041,0.7351,0
opensource_llm,llm_clean_cohere_aya32b_he_triplet_2s_nc,0.8231,0.7916,0.8519,0.0301,0.706,0.7343,0
opensource_llm,llm_clean_dictalm3_he_template_5s_nc,0.8224,0.7893,0.8545,0.0326,0.6615,0.6919,0
opensource_llm,llm_clean_dictalm3_he_triplet_2s_nc,0.8222,0.7877,0.854,0.0331,0.6934,0.7067,0
opensource_llm,llm_clean_cohere_aya32b_he_template_0s_nc,0.8213,0.7898,0.851,0.0306,0.6996,0.7195,0
opensource_llm,llm_clean_dictalm3_en_template_5s_nc,0.8212,0.7877,0.8529,0.0326,0.6729,0.7295,0
opensource_llm,llm_clean_cohere_aya32b_he_triplet_0s_nc,0.8197,0.7881,0.8484,0.0302,0.6877,0.7382,0
opensource_llm,llm_clean_dictalm3_he_template_2s_nc,0.8177,0.7838,0.8508,0.0335,0.6583,0.7012,0
finetuned_llm_nli,nli_clean_gemma4_31b_v2_basic,0.8111,0.7769,0.8426,0.0328,0.6871,0.7362,4
opensource_llm,llm_clean_dictalm3_en_template_2s_nc,0.8109,0.7771,0.8438,0.0334,0.6686,0.6722,0
finetuned_llm_nli,nli_clean_dictalm24b_base_v2_template,0.8028,0.7645,0.8374,0.0364,0.6198,0.6759,0
opensource_llm,llm_clean_dictalm3_en_template_0s_nc,0.8023,0.7695,0.8338,0.0322,0.6689,0.6676,0
finetuned_llm_nli,nli_clean_gemma2_9b_basic,0.7938,0.7597,0.8254,0.0329,0.6709,0.6926,17
finetuned_llm_nli,nli_clean_aya32b_v2_basic,0.7927,0.757,0.8259,0.0344,0.6742,0.7056,0
opensource_llm,llm_clean_gemma4_it_he_triplet_2s_nc,0.7892,0.75,0.8249,0.0375,0.6639,0.7214,0
finetuned_llm_nli,nli_clean_dictalm24b_v2_basic,0.7889,0.7517,0.8232,0.0357,0.6454,0.7231,6
opensource_llm,llm_clean_gemma4_it_he_triplet_0s_nc,0.7877,0.7486,0.8231,0.0373,0.6314,0.7162,0
opensource_llm,llm_clean_gemma4_it_he_triplet_5s_nc,0.7389,0.6944,0.7792,0.0424,0.6335,0.682,0
finetuned_llm_nli,nli_clean_gemma3_27b_template,0.726,0.6823,0.7661,0.0419,0.5344,0.5959,246
opensource_llm,llm_clean_dictalm3_en_triplet_2s_nc,0.7226,0.6759,0.7652,0.0447,0.5629,0.6347,0
opensource_llm,llm_clean_dictalm3_he_template_0s_nc,0.6582,0.6074,0.7061,0.0494,0.4844,0.4978,101
opensource_llm,llm_clean_dictalm3_he_triplet_0s_nc,0.6434,0.5915,0.6914,0.0499,0.4705,0.5187,0
finetuned_llm_nli,nli_clean_gemma3_27b_basic,0.6392,0.5895,0.6854,0.048,0.533,0.5226,295
opensource_llm,llm_clean_dictalm3_en_triplet_0s_nc,0.6351,0.5837,0.6832,0.0498,0.5108,0.5928,0
finetuned_llm_nli,nli_clean_gemma3_12b_template,0.6228,0.572,0.6705,0.0493,0.4456,0.4487,217
finetuned_llm_nli,nli_clean_gemma3_12b_basic,0.6058,0.5542,0.6545,0.0502,0.3726,0.494,249
opensource_llm,llm_clean_dictalm3_en_triplet_5s_nc,0.5951,0.5379,0.6469,0.0545,0.4792,0.4861,0
finetuned_llm_nli,nli_clean_dictalm24b_base_v2_basic,0.5664,0.5103,0.6197,0.0547,0.4248,0.4743,0
finetuned_llm_nli,nli_clean_gemma4_26b_template,0.4651,0.4087,0.5188,0.0551,0.2962,0.3921,253
finetuned_llm_nli,nli_clean_gemma4_26b_basic,0.4402,0.3823,0.4938,0.0557,0.3118,0.3213,235
finetuned_llm_nli,nli_clean_dictalm17b_template,0.4289,0.3687,0.4883,0.0598,0.2008,0.2586,393
finetuned_llm_nli,nli_clean_dictalm17b_basic,0.365,0.3027,0.4258,0.0616,0.2038,0.2994,420
finetuned_llm_nli,nli_clean_qwen35base_basic,0.3092,0.2507,0.3667,0.058,0.1976,0.1268,313
finetuned_llm_nli,nli_clean_dictalm24b_base_basic,0.2547,0.1948,0.3133,0.0592,0.1605,0.2441,364
finetuned_llm_nli,nli_clean_qwen35base_template,0.2421,0.1853,0.2981,0.0564,0.1931,0.1161,363
finetuned_llm_nli,nli_clean_dictalm24b_base_template,0.2346,0.1766,0.2935,0.0584,0.1602,0.1209,258
finetuned_llm_nli,nli_clean_gemma4_31b_template,0.0625,0.0264,0.1,0.0368,0.0459,0.0643,470
finetuned_llm_nli,nli_clean_aya32b_template,0.0129,0.0,0.0325,0.0162,0.006,0.0448,492
finetuned_llm_nli,nli_clean_gemma4_31b_basic,0.0129,0.0,0.0326,0.0163,0.0039,0.007,483
finetuned_llm_nli,nli_clean_aya32b_basic,0.0,0.0,0.0,0.0,0.0,0.0,495
