model,hypothesis,formula,threshold,f1,ci_lo,ci_hi,macro_f1,pos_pred_rate
alephbert,basic_relation,enn,0.6,0.5783,0.5273,0.6265,0.5386,0.472
alephbert,template_relation,enn,0.6,0.605,0.5546,0.651,0.5491,0.51
alephbert,llm_relation,enn,0.6,0.6184,0.5704,0.6634,0.5603,0.518
me5large,basic_relation,enn,0.6,0.642,0.5941,0.6859,0.5866,0.52
me5large,template_relation,enn,0.6,0.6922,0.6491,0.7326,0.6143,0.588
me5large,llm_relation,enn,0.7,0.6796,0.6346,0.7221,0.6291,0.522
mmbert,basic_relation,enn,0.6,0.712,0.6711,0.75,0.6087,0.65
mmbert,template_relation,enn,0.6,0.732,0.6926,0.7692,0.6138,0.692
mmbert,llm_relation,enn,0.7,0.7227,0.6816,0.7619,0.6576,0.576
mt5large,basic_relation,enn,0.6,0.5665,0.5106,0.618,0.5941,0.318
mt5large,template_relation,enn,0.6,0.6405,0.5905,0.6879,0.6339,0.404
mt5large,llm_relation,pe,0.6,0.7389,0.6978,0.7784,0.7013,0.512
mt5xl,basic_relation,pe,0.6,0.6562,0.6072,0.703,0.6499,0.404
mt5xl,template_relation,pe,0.6,0.7401,0.697,0.7804,0.7086,0.494
mt5xl,llm_relation,enn,0.6,0.7451,0.7036,0.7845,0.7097,0.508
neodictabert,basic_relation,enn,0.6,0.6724,0.6261,0.7143,0.61,0.546
neodictabert,template_relation,enn,0.6,0.7713,0.7345,0.8058,0.6676,0.698
neodictabert,llm_relation,enn,0.6,0.736,0.6965,0.7725,0.6292,0.674
xlmroberta,basic_relation,enn,0.6,0.6852,0.64,0.7273,0.6297,0.536
xlmroberta,template_relation,enn,0.6,0.7561,0.7178,0.7923,0.6799,0.624
xlmroberta,llm_relation,enn,0.6,0.7524,0.714,0.7888,0.6793,0.614
xlmrobertaxl,basic_relation,enn,0.6,0.7471,0.7055,0.7844,0.6862,0.58
xlmrobertaxl,template_relation,enn,0.7,0.779,0.7398,0.8157,0.7533,0.49
xlmrobertaxl,llm_relation,enn,0.6,0.7401,0.7005,0.7783,0.6685,0.602
