model,hypothesis,formula,cv_oof_f1,ci_lo,ci_hi,macro_f1,mean_threshold
xlmrobertaxl,template_relation,pe,0.8165,0.7826,0.849,0.7618,0.2
mt5xl,template_relation,enn,0.8129,0.7797,0.8441,0.7204,0.2
mt5xl,template_relation,pe,0.8129,0.7797,0.8441,0.7204,0.2
mt5xl,template_relation,emc,0.8129,0.7797,0.8441,0.7204,-0.6
xlmroberta,template_relation,pe,0.7966,0.7633,0.8285,0.6783,0.12
mt5xl,llm_relation,enn,0.7933,0.7575,0.8261,0.7129,0.25
xlmrobertaxl,template_relation,emc,0.7915,0.7547,0.825,0.7412,0.05
mt5xl,llm_relation,pe,0.7903,0.7539,0.823,0.7048,0.23
xlmroberta,llm_relation,pe,0.7898,0.7551,0.8214,0.6614,0.1
mt5xl,llm_relation,emc,0.7874,0.7515,0.8201,0.6965,-0.55
mt5large,llm_relation,emc,0.7807,0.7473,0.8119,0.5697,-0.85
xlmrobertaxl,template_relation,enn,0.7789,0.7409,0.8145,0.7307,0.61
xlmrobertaxl,basic_relation,pe,0.7787,0.7433,0.8116,0.6157,0.1
mt5xl,basic_relation,pe,0.7779,0.7426,0.8109,0.6444,0.19
mt5xl,basic_relation,enn,0.7779,0.7426,0.8109,0.6444,0.19
xlmrobertaxl,llm_relation,pe,0.7769,0.7398,0.8116,0.6893,0.2
mt5large,llm_relation,pe,0.7751,0.7407,0.8074,0.6013,0.1
mt5large,llm_relation,enn,0.7751,0.7407,0.8074,0.6013,0.1
neodictabert,template_relation,pe,0.7676,0.7297,0.803,0.6913,0.05
xlmroberta,template_relation,enn,0.7665,0.7308,0.8,0.5999,0.27
mmbert,template_relation,pe,0.7638,0.7275,0.7978,0.6218,0.19
mt5xl,basic_relation,emc,0.7638,0.7275,0.7978,0.6218,-0.61
neodictabert,llm_relation,pe,0.7631,0.7245,0.7988,0.6778,0.07
mmbert,basic_relation,pe,0.762,0.7275,0.7944,0.5277,0.15
neodictabert,template_relation,enn,0.7606,0.7237,0.7953,0.6455,0.56
xlmroberta,template_relation,emc,0.759,0.7207,0.7955,0.7007,0.09
xlmroberta,llm_relation,enn,0.7577,0.7218,0.791,0.5568,0.15
neodictabert,template_relation,emc,0.7574,0.7199,0.7919,0.6457,0.01
mmbert,llm_relation,pe,0.7559,0.7189,0.7894,0.5859,0.11
xlmroberta,basic_relation,enn,0.7539,0.7184,0.7868,0.5209,0.17
me5large,template_relation,emc,0.7539,0.7198,0.7863,0.377,-0.9
mmbert,template_relation,enn,0.7527,0.7191,0.7848,0.386,0.05
me5large,basic_relation,emc,0.7524,0.7182,0.7849,0.3762,-0.9
alephbert,basic_relation,emc,0.7524,0.7182,0.7849,0.3762,-0.9
neodictabert,basic_relation,enn,0.7515,0.7165,0.7832,0.4169,0.05
alephbert,llm_relation,enn,0.7512,0.717,0.7834,0.3852,0.05
alephbert,template_relation,emc,0.7509,0.7166,0.7834,0.3755,-0.86
alephbert,llm_relation,emc,0.7509,0.7166,0.7834,0.3755,-0.88
mt5large,template_relation,emc,0.7503,0.7141,0.7836,0.5529,-0.8
alephbert,template_relation,enn,0.7497,0.7152,0.7818,0.4071,0.05
xlmrobertaxl,llm_relation,emc,0.7496,0.7094,0.7867,0.6913,0.09
xlmrobertaxl,llm_relation,enn,0.7486,0.711,0.7829,0.5858,0.36
xlmroberta,llm_relation,emc,0.7484,0.7073,0.7852,0.6891,0.11
xlmrobertaxl,basic_relation,enn,0.7482,0.7098,0.784,0.6204,0.46
xlmroberta,basic_relation,pe,0.7472,0.7094,0.7818,0.5989,0.14
me5large,llm_relation,emc,0.7466,0.7119,0.779,0.3828,-0.9
mmbert,template_relation,emc,0.7466,0.7102,0.7804,0.5446,-0.48
mmbert,llm_relation,emc,0.7463,0.7118,0.7791,0.3732,-0.9
mt5large,basic_relation,emc,0.7461,0.7101,0.7788,0.4902,-0.83
xlmroberta,basic_relation,emc,0.7458,0.7102,0.7792,0.4668,-0.57
mt5large,template_relation,pe,0.745,0.7083,0.7791,0.5302,0.09
alephbert,basic_relation,enn,0.745,0.7102,0.7774,0.4043,0.05
mt5large,template_relation,enn,0.745,0.7083,0.7791,0.5302,0.09
mmbert,basic_relation,emc,0.7448,0.7102,0.7776,0.3724,-0.73
mmbert,basic_relation,enn,0.744,0.7091,0.7771,0.4401,0.17
alephbert,llm_relation,pe,0.7437,0.7081,0.7771,0.451,0.05
mt5large,basic_relation,pe,0.7415,0.7051,0.7747,0.4929,0.09
mt5large,basic_relation,enn,0.7415,0.7051,0.7747,0.4929,0.09
mmbert,llm_relation,enn,0.7413,0.7051,0.7752,0.4703,0.14
neodictabert,basic_relation,emc,0.7409,0.7059,0.7739,0.4185,-0.42
neodictabert,llm_relation,emc,0.7386,0.6978,0.7772,0.6911,0.08
xlmrobertaxl,basic_relation,emc,0.7378,0.6994,0.7743,0.5964,-0.04
alephbert,template_relation,pe,0.737,0.7011,0.771,0.48,0.05
me5large,basic_relation,enn,0.7357,0.6994,0.7694,0.3988,0.05
me5large,template_relation,enn,0.7334,0.6972,0.7672,0.4016,0.06
me5large,llm_relation,enn,0.7298,0.6929,0.764,0.4115,0.05
neodictabert,llm_relation,enn,0.7292,0.6924,0.7642,0.5065,0.28
alephbert,basic_relation,pe,0.7224,0.6854,0.7575,0.4812,0.05
me5large,llm_relation,pe,0.7139,0.6739,0.7518,0.5959,0.05
me5large,template_relation,pe,0.7055,0.6646,0.7445,0.5974,0.05
me5large,basic_relation,pe,0.6834,0.64,0.7242,0.5827,0.05
neodictabert,basic_relation,pe,0.603,0.553,0.6504,0.5869,0.05
