signal,bucket,n,pos_rate,f1,ci_lo,ci_hi
gemma4_31b,0-100,15,0.333,1.0,1.0,1.0
gemma4_31b,100-250,96,0.479,0.9091,0.8395,0.9655
gemma4_31b,250-500,256,0.539,0.8346,0.7837,0.88
gemma4_31b,500-+,133,0.534,0.8175,0.7395,0.8816
gemma4_31b,ALL,500,0.52,0.8463,0.8109,0.8789
gemma3_27b,0-100,15,0.333,1.0,1.0,1.0
gemma3_27b,100-250,96,0.479,0.9333,0.8732,0.9787
gemma3_27b,250-500,256,0.539,0.8283,0.7789,0.8715
gemma3_27b,500-+,133,0.534,0.7673,0.6887,0.8333
gemma3_27b,ALL,500,0.52,0.8309,0.7962,0.8639
dictalm24b_nli,0-100,15,0.333,1.0,1.0,1.0
dictalm24b_nli,100-250,96,0.479,0.9333,0.8732,0.9787
dictalm24b_nli,250-500,256,0.539,0.6931,0.6308,0.7492
dictalm24b_nli,500-+,133,0.534,0.7297,0.6412,0.8049
dictalm24b_nli,ALL,500,0.52,0.7477,0.7057,0.7871
agree2,0-100,15,0.333,1.0,1.0,1.0
agree2,100-250,96,0.479,0.9333,0.8732,0.9787
agree2,250-500,256,0.539,0.834,0.7788,0.8824
agree2,500-+,133,0.534,0.8421,0.7619,0.9076
agree2,ALL,500,0.52,0.8597,0.8241,0.8926
vote7,0-100,15,0.333,1.0,1.0,1.0
vote7,100-250,96,0.479,0.9333,0.8732,0.9787
vote7,250-500,256,0.539,0.7698,0.7117,0.8197
vote7,500-+,133,0.534,0.7483,0.6619,0.8205
vote7,ALL,500,0.52,0.7955,0.757,0.8315
