subject,predicate,object,docid,n_signals_pos,mean_score,neighbor
דוד בן-גוריון,אב,אביגדור גרין,476165,3,0.9388,אביגדור גרין
דוד בן-גוריון,תפקיד,ראש הממשלה,618576,3,0.9351,ראש הממשלה
דוד בן-גוריון,שפה מדוברת או נכתבת,השפה העברית,47508,3,0.9298,השפה העברית
דוד בן-גוריון,תפקיד,ראש ממשלת ישראל,2138571,3,0.9292,ראש ממשלת ישראל
דוד בן-גוריון,צאצא,גאולה בן אליעזר,2013642,3,0.914,גאולה בן אליעזר
ממשלת ישראל השביעית,ראש הרשות המושלת,דוד בן-גוריון,367558,3,0.9092,ממשלת ישראל השביעית
עמוס בן-גוריון,אב,דוד בן-גוריון,204606,3,0.9081,עמוס בן-גוריון
דוד בן-גוריון,מקום קבורה,מדרשת בן-גוריון,870958,3,0.9061,מדרשת בן-גוריון
פרס בן-גוריון,נקרא על שם,דוד בן-גוריון,801313,3,0.9049,פרס בן-גוריון
ממשלת ישראל הראשונה,ראש הרשות המושלת,דוד בן-גוריון,209549,3,0.8896,ממשלת ישראל הראשונה
